scenario,std_hh_bill$,std_hh_solar_bill$,std_hh_total$,checksum_total_payments$_std,cp_ratio_std,cust_bill_cp_std,cust_solar_bill_cp_std,cust_total$_cp_std,eno$_bat_capex_repay_std,eno$_energy_bill_std,eno$_receipts_from_residents_std,eno$_total_payment_std,eno_net$_std,export_kWh_std,import_kWh_std,pv_ratio_std,retailer_bill$_std,retailer_receipt$_std,self-consumption_std,solar_retailer_profit_std,total$_building_costs_std,total_building_load_std
0,387.7085927679231,0.0,387.7085927679231,726.4103569822927,0.6047961219604318,0.0,0.0,0.0,0.0,0.0,0.0,0.0,0.0,0.0,2434.2655367653665,0.0,153.16373914620294,726.4103569822927,0.0,0.0,726.4103569822927,2434.265536765294
1,326.0086493712229,0.0,326.00864937122293,726.3413306417417,0.6047961219604318,136.9109579630072,0.0,136.9109579630072,0.0,0.0,0.0,0.0,0.0,0.6529736543499065,2433.824927817566,0.10266544913854837,153.15899400826294,726.3413306417345,0.0010203419307744487,0.0,726.3413306417381,2434.265536765294
2,383.86384901432484,0.0,383.86384901432484,457.0560602117841,0.6047961219604318,0.0,0.0,0.0,0.0,0.0,0.0,0.0,0.0,1241.5270501577183,1232.2573659759175,0.10266544913853556,153.15899400826294,457.0560602117791,1.9400202428206896,0.0,457.056060211765,2434.265536765294
3,383.86384901432484,552.5570170037939,336.5176415221467,628.8262714059317,0.6047961219604318,0.0,0.0,0.0,0.0,0.0,0.0,0.0,0.0,1241.5270501577183,1232.2573659759175,0.10266544913853556,153.15899400826294,457.0560602117791,1.9400202428206896,173.81378702208053,628.8262714059354,2434.265536765294
4,326.0086493712229,48.873115289892944,369.12561422808983,726.3944354921854,0.6047961219604318,136.9109579630072,95.85860785237111,41.26606230501832,0.0,0.0,0.0,0.0,0.0,0.6529736543499065,2433.824927817566,0.10266544913854837,153.15899400826294,726.3413306417345,0.0010203419307744487,0.07705089121506031,726.3944354921875,2434.265536765294
5,387.7085927679231,0.0,387.7085927679231,407.0185282319479,0.6047961219604318,0.0,0.0,0.0,0.0,407.0185282319479,726.4103569822927,407.0185282319479,328.56377801174625,0.0,2434.2655367653597,0.0,153.16373914620294,407.0185282319479,0.0,0.0,407.0185282319485,2434.265536765294
6,387.7085927679231,0.0,387.7085927679231,407.0085540554432,0.6047961219604318,0.0,0.0,0.0,0.0,407.00855405544246,726.4103569823,407.0085540554432,328.5759581711825,0.6529736543499057,2433.8249278175335,0.10266544913854009,153.15899400826294,407.00855405544246,0.0010203419307744487,0.0,407.0085540554362,2434.265536765294
