scenario,scenario_label,arrangement,number_of_households,load_folder,central_battery_kWh,en_opex,en_capex_repayment,pv_capex_repayment,average_hh_bill$,average_hh_solar_bill$,average_hh_total$,checksum_total_payments$_mean,cp_ratio_mean,cust_bill_cp_mean,cust_solar_bill_cp_mean,cust_total$_cp_mean,eno$_bat_capex_repay_mean,eno$_energy_bill_mean,eno$_receipts_from_residents_mean,eno$_total_payment_mean,eno_net$_mean,export_kWh_mean,import_kWh_mean,pv_ratio_mean,retailer_bill$_mean,retailer_receipt$_mean,self-consumption_mean,solar_retailer_profit_mean,total$_building_costs_mean,total_building_load_mean
0,btm_p_test2_000,bau,4,h_few_site_A,0,0,0,0,1095.604192,0,1095.604192,96598.72723,97.01892184,92216.31047,0,92216.31047,0,0,0,0,0,0,388589.3438,0,20977.70743,96598.72723,100,0,96598.72723,388589.3438
1,btm_p_test2_001,btm_s_c,4,h_few_site_A,0,299.4,1716.752776,12277.10228,965.7850779,0,3824.43609,93593.42317,97.01892184,75437.0278,0,78295.67881,0,0,0,0,0,0.736688477,324594.5085,16.46917172,19419.26384,79300.16811,99.99884884,0,93593.42317,388589.3438
2,btm_p_test2_002,btm_p_c,4,h_few_site_A,0,299.4,1716.752776,12277.10228,965.7850779,95.27344415,1061.058522,91971.20442,97.01892184,75437.0278,12289.94254,87726.97033,0,0,0,0,0,0.736688477,324594.5085,16.46917172,19419.26384,79300.16811,99.99884884,-1622.218744,91971.20442,388589.3438
3,btm_p_test2_003,btm_s_u,4,h_few_site_A,0,239.52,1603.075903,12277.10228,-467.7789202,0,3062.145626,104464.893,97.01892184,92216.31047,0,92216.31047,0,0,0,0,0,58422.30639,383016.0782,16.46917172,19419.26384,90345.19479,8.708829979,0,104464.893,388589.3438
4,btm_p_test2_004,btm_p_u,4,h_few_site_A,0,239.52,1603.075903,12277.10228,-467.7789202,1444.322773,976.5438524,96122.48588,97.01892184,92216.31047,0,92216.31047,0,0,0,0,0,58422.30639,383016.0782,16.46917172,19419.26384,90345.19479,8.708829979,-8342.407095,96122.48588,388589.3438
5,btm_p_test2_005,btm_p_u,4,h_few_site_A,0,239.52,1603.075903,12277.10228,-467.7789202,1444.322773,976.5438524,96122.48588,97.01892184,92216.31047,0,92216.31047,0,0,0,0,0,58422.30639,383016.0782,16.46917172,19419.26384,90345.19479,8.708829979,-8342.407095,96122.48588,388589.3438
FALSE,FALSE,TRUE,TRUE,TRUE,TRUE,TRUE,TRUE,TRUE,TRUE,TRUE,TRUE,TRUE,TRUE,TRUE,TRUE,TRUE,TRUE,TRUE,TRUE,TRUE,TRUE,TRUE,TRUE,TRUE,TRUE,TRUE,TRUE,TRUE,TRUE,TRUE
