,central_battery_SOH,central_battery_cycles,checksum_total_payments$,cp_ratio,cust_bill_001,cust_bill_002,cust_bill_003,cust_bill_004,cust_bill_cp,cust_solar_bill_001,cust_solar_bill_002,cust_solar_bill_003,cust_solar_bill_004,cust_solar_bill_cp,cust_total$_001,cust_total$_002,cust_total$_003,cust_total$_004,cust_total$_cp,eno$_bat_capex_repay,eno$_energy_bill,eno$_receipts_from_residents,eno$_total_payment,eno_net$,export_kWh,import_kWh,pv_ratio,retailer_bill$,retailer_receipt$,self-consumption,self-consumption_OLD,self-sufficiency,self-sufficiency_OLD,solar_retailer_profit,total$_building_costs,total_battery_losses,total_building_load
vb_site_h_all_site_A_01.csv,0.0,0.0,0.0,97.14819371325709,-233.6034522371109,-1167.3761850132075,-293.23127086103176,-238.40692722458027,95126.26122669998,893.9383888534871,2039.5200191674646,1994.1363720857814,906.2514070452376,0.0,660.3349366163762,872.1438341542572,1700.9051012247498,667.8444798206573,95126.26122669998,0.0,0.0,0.0,0.0,0.0,58894.14028424072,382959.4633435786,16.49111589578279,19355.36052492102,93193.64339136405,7.971538501369385,7.971538501369352,1.3145956529377718,1.3145956529379816,-8724.319937603783,99027.48957851602,0.0,388060.8950000009
