,central_battery_SOH,central_battery_cycles,checksum_total_payments$,cp_ratio,cust_bill_001,cust_bill_002,cust_bill_003,cust_bill_004,cust_bill_cp,cust_solar_bill_001,cust_solar_bill_002,cust_solar_bill_003,cust_solar_bill_004,cust_solar_bill_cp,cust_total$_001,cust_total$_002,cust_total$_003,cust_total$_004,cust_total$_cp,eno$_bat_capex_repay,eno$_energy_bill,eno$_receipts_from_residents,eno$_total_payment,eno_net$,export_kWh,import_kWh,pv_ratio,retailer_bill$,retailer_receipt$,self-consumption,self-consumption_OLD,self-sufficiency,self-sufficiency_OLD,solar_retailer_profit,total$_building_costs,total_battery_losses,total_building_load
vb_site_h_all_site_A_01.csv,0.0,0.0,-1.862645149230957e-11,97.14819371325709,602.4262330407494,829.9527415547542,1658.4082442711547,647.5694729017066,75358.28915073116,67.80490396058913,83.02649936186444,133.03974403251738,45.83459941010644,12341.3768909665,670.2311370013385,912.9792409166186,1791.4479883036722,693.404072311813,87699.66604169765,0.0,0.0,0.0,0.0,0.0,0.3441230468750008,324065.6671823847,16.49111589578281,19355.36052492102,79096.64584249952,99.99946227053456,99.99946227053461,16.49102721819346,16.491027218193693,-2060.6403600172184,91767.7284802311,0.0,388060.8950000009
