,checksum_total_payments$,cp_ratio,cust_bill_001,cust_bill_002,cust_bill_003,cust_bill_004,cust_bill_cp,cust_solar_bill_001,cust_solar_bill_002,cust_solar_bill_003,cust_solar_bill_004,cust_solar_bill_cp,cust_total$_001,cust_total$_002,cust_total$_003,cust_total$_004,cust_total$_cp,eno$_bat_capex_repay,eno$_energy_bill,eno$_receipts_from_residents,eno$_total_payment,eno_net$,export_kWh,import_kWh,pv_ratio,retailer_bill$,retailer_receipt$,self-consumption,solar_retailer_profit,total$_building_costs,total_building_load
vb_site_h_all_site_A_01.csv,66370.09615960222,97.14819371325709,686.123161966,943.0504996000001,1839.798718153,709.9823320810001,74918.35705873615,0.0,0.0,0.0,0.0,0.0,686.123161966,943.0504996000001,1839.798718153,709.9823320810001,74918.35705873615,0.0,52250.39797353391,79097.31177053615,66370.09615960222,12727.215610933928,0.34412304687500067,324065.66718238476,16.49111589578277,19355.36052492102,52250.39797353391,99.99946227053461,0.0,66370.09615960222,388060.8950000009
vb_site_h_all_site_A_02.csv,66388.83282564205,97.25051728081941,779.919625408,1336.126844206,816.5373542919999,1119.661548544,74918.35705873615,0.0,0.0,0.0,0.0,0.0,779.919625408,1336.126844206,816.5373542919999,1119.661548544,74918.35705873615,0.0,52269.13463957373,78970.60243118615,66388.83282564205,12581.769605544097,1.5616484375,323658.5807077753,16.508485542577446,19415.470359460203,52269.13463957373,99.99755975547973,0.0,66388.83282564205,387652.5910000009
vb_site_h_all_site_A_03.csv,66135.90074245294,97.53198468134198,653.958283627,1266.5492382730001,663.670859797,1261.866546028,74918.35705873615,0.0,0.0,0.0,0.0,0.0,653.958283627,1266.5492382730001,663.670859797,1261.866546028,74918.35705873615,0.0,52016.20255638462,78764.40198646115,66135.90074245294,12628.501244008206,0.9394033203125006,322539.23246265814,16.556265242286564,19274.24974168093,52016.20255638462,99.99853208074899,0.0,66135.90074245294,386533.865000001
vb_site_h_all_site_A_04.csv,67079.08256201408,96.14499169243356,1300.7838268149999,1871.3659328980002,1279.730646304,1000.541647204,74918.35705873615,0.0,0.0,0.0,0.0,0.0,1300.7838268149999,1871.3659328980002,1279.730646304,1000.541647204,74918.35705873615,0.0,52959.38437594576,80370.77911195716,67079.08256201408,13291.69654994308,0.1015791015625,328114.5536384394,16.320820184046582,19631.974722309504,52959.38437594576,99.99984127167164,0.0,67079.08256201407,392110.0240000008
