,checksum_total_payments$,cp_ratio,cust_bill_001,cust_bill_002,cust_bill_003,cust_bill_004,cust_bill_cp,cust_solar_bill_001,cust_solar_bill_002,cust_solar_bill_003,cust_solar_bill_004,cust_solar_bill_cp,cust_total$_001,cust_total$_002,cust_total$_003,cust_total$_004,cust_total$_cp,eno$_bat_capex_repay,eno$_energy_bill,eno$_receipts_from_residents,eno$_total_payment,eno_net$,export_kWh,import_kWh,pv_ratio,retailer_bill$,retailer_receipt$,self-consumption,solar_retailer_profit,total$_building_costs,total_building_load
vb_site_h_all_site_A_01.csv,93389.90090156088,97.14819371325709,602.4262330407494,829.9527415547542,1658.4082442711547,647.5694729017066,75358.28915073116,0.0,0.0,0.0,0.0,0.0,3461.077244853021,3688.603753367026,4517.059256083427,3506.2204847139783,78216.94016254343,0.0,0.0,0.0,0.0,0.0,0.3441230468750008,324065.6671823847,16.49111589578281,19355.36052492102,79096.64584249952,99.99946227053461,0.0,93389.90090156088,388060.8950000009
vb_site_h_all_site_A_02.csv,93263.3783013852,97.25051728081941,710.6000091288763,1160.562239963589,726.3206751077772,972.3462565295032,75400.29406159409,0.0,0.0,0.0,0.0,0.0,3569.251020941148,4019.213251775861,3584.9716869200493,3830.997268341775,78258.94507340636,0.0,0.0,0.0,0.0,0.0,1.5616484374999988,323658.5807077753,16.508485542577436,19415.470359460203,78970.12324232384,99.99755975547973,0.0,93263.3783013852,387652.5910000009
vb_site_h_all_site_A_03.csv,93057.08241919309,97.53198468134198,616.1115589252227,1127.0036960628834,604.1327700838414,1066.7597446828684,75349.81959037691,0.0,0.0,0.0,0.0,0.0,3474.7625707374946,3985.654707875155,3462.783781896113,3925.4107564951405,78208.47060218918,0.0,0.0,0.0,0.0,0.0,0.9394033203124994,322539.23246265814,16.556265242286564,19274.24974168093,78763.82736013173,99.99853208074899,0.0,93057.0824191931,386533.865000001
vb_site_h_all_site_A_04.csv,94663.33104256172,96.14499169243356,1156.6514135928512,1561.52097765863,1102.2224651616452,909.972748393999,75639.70837869323,0.0,0.0,0.0,0.0,0.0,4015.3024254051234,4420.171989470902,3960.873476973917,3768.623760206271,78498.3593905055,0.0,0.0,0.0,0.0,0.0,0.10157910156249547,328114.55363843945,16.320820184046568,19631.974722309504,80370.07598350036,99.99984127167164,0.0,94663.33104256172,392110.0240000008
