,checksum_total_payments$,cp_ratio,cust_bill_001,cust_bill_002,cust_bill_003,cust_bill_004,cust_bill_cp,cust_solar_bill_001,cust_solar_bill_002,cust_solar_bill_003,cust_solar_bill_004,cust_solar_bill_cp,cust_total$_001,cust_total$_002,cust_total$_003,cust_total$_004,cust_total$_cp,eno$_bat_capex_repay,eno$_energy_bill,eno$_receipts_from_residents,eno$_total_payment,eno_net$,export_kWh,import_kWh,pv_ratio,retailer_bill$,retailer_receipt$,self-consumption,solar_retailer_profit,total$_building_costs,total_building_load
vb_site_h_all_site_A_01.csv,96395.2651805,97.14819371325709,686.123161966,943.0504996000001,1839.798718153,709.9823320810001,92216.3104687,0.0,0.0,0.0,0.0,0.0,686.123161966,943.0504996000001,1839.798718153,709.9823320810001,92216.3104687,0.0,0.0,0.0,0.0,0.0,0.0,388060.895,0.0,20913.810586515,96395.2651805,100.0,0.0,96395.2651805,388060.8950000009
vb_site_h_all_site_A_02.csv,96268.55584115001,97.25051728081941,779.919625408,1336.126844206,816.5373542919999,1119.661548544,92216.3104687,0.0,0.0,0.0,0.0,0.0,779.919625408,1336.126844206,816.5373542919999,1119.661548544,92216.3104687,0.0,0.0,0.0,0.0,0.0,0.0,387652.591,0.0,20973.901850407998,96268.55584115001,100.0,0.0,96268.55584115001,387652.5910000009
vb_site_h_all_site_A_03.csv,96062.355396425,97.53198468134198,653.958283627,1266.5492382730001,663.670859797,1261.866546028,92216.3104687,0.0,0.0,0.0,0.0,0.0,653.958283627,1266.5492382730001,663.670859797,1261.866546028,92216.3104687,0.0,0.0,0.0,0.0,0.0,0.0,386533.86500000005,0.0,20832.6895593355,96062.355396425,100.0,0.0,96062.355396425,386533.865000001
vb_site_h_all_site_A_04.csv,97668.732521921,96.14499169243356,1300.7838268149999,1871.3659328980002,1279.730646304,1000.541647204,92216.3104687,0.0,0.0,0.0,0.0,0.0,1300.7838268149999,1871.3659328980002,1279.730646304,1000.541647204,92216.3104687,0.0,0.0,0.0,0.0,0.0,0.0,392110.02400000003,0.0,21190.427718436,97668.732521921,100.0,0.0,97668.732521921,392110.0240000008
