,checksum_total_payments$,cp_ratio,cust_bill_001,cust_bill_002,cust_bill_003,cust_bill_004,cust_bill_cp,cust_solar_bill_001,cust_solar_bill_002,cust_solar_bill_003,cust_solar_bill_004,cust_solar_bill_cp,cust_total$_001,cust_total$_002,cust_total$_003,cust_total$_004,cust_total$_cp,eno$_bat_capex_repay,eno$_energy_bill,eno$_receipts_from_residents,eno$_total_payment,eno_net$,export_kWh,import_kWh,pv_ratio,retailer_bill$,retailer_receipt$,self-consumption,solar_retailer_profit,total$_building_costs,total_building_load
vb_site_h_all_site_A_01.csv,62662.1012985682,97.14819371325709,686.123161966,943.0504996000001,1839.798718153,709.9823320810001,92216.3104687,0.0,0.0,0.0,0.0,0.0,686.123161966,943.0504996000001,1839.798718153,709.9823320810001,92216.3104687,0.0,60819.50539574801,96395.2651805,62662.1012985682,33733.163881931796,0.0,388060.89499999996,0.0,20913.810586515,60819.50539574801,100.0,0.0,62662.10129856821,388060.8950000009
vb_site_h_all_site_A_02.csv,62680.806863282305,97.25051728081941,779.919625408,1336.126844206,816.5373542919999,1119.661548544,92216.3104687,0.0,0.0,0.0,0.0,0.0,779.919625408,1336.126844206,816.5373542919999,1119.661548544,92216.3104687,0.0,60838.210960462115,96268.55584115001,62680.806863282305,33587.7489778677,0.0,387652.591,0.0,20973.901850407998,60838.210960462115,100.0,0.0,62680.806863282305,387652.5910000009
vb_site_h_all_site_A_03.csv,62427.885457565644,97.53198468134198,653.958283627,1266.5492382730001,663.670859797,1261.866546028,92216.3104687,0.0,0.0,0.0,0.0,0.0,653.958283627,1266.5492382730001,663.670859797,1261.866546028,92216.3104687,0.0,60585.289554745454,96062.355396425,62427.885457565644,33634.46993885935,0.0,386533.865,0.0,20832.6895593355,60585.289554745454,100.0,0.0,62427.88545756565,386533.865000001
vb_site_h_all_site_A_04.csv,63371.0904686552,96.14499169243356,1300.7838268149999,1871.3659328980002,1279.730646304,1000.541647204,92216.3104687,0.0,0.0,0.0,0.0,0.0,1300.7838268149999,1871.3659328980002,1279.730646304,1000.541647204,92216.3104687,0.0,61528.49456583501,97668.732521921,63371.0904686552,34297.6420532658,0.0,392110.024,0.0,21190.427718436,61528.49456583501,100.0,0.0,63371.09046865521,392110.0240000008
