,checksum_total_payments$,cp_ratio,cust_bill_001,cust_bill_002,cust_bill_003,cust_bill_004,cust_bill_cp,cust_solar_bill_001,cust_solar_bill_002,cust_solar_bill_003,cust_solar_bill_004,cust_solar_bill_cp,cust_total$_001,cust_total$_002,cust_total$_003,cust_total$_004,cust_total$_cp,eno$_bat_capex_repay,eno$_energy_bill,eno$_receipts_from_residents,eno$_total_payment,eno_net$,export_kWh,import_kWh,pv_ratio,retailer_bill$,retailer_receipt$,self-consumption,solar_retailer_profit,total$_building_costs,total_building_load
vb_site_h_all_site_A_01.csv,104403.3908194324,97.14819371325709,-233.6034522371109,-1167.3761850132075,-293.23127086103176,-238.40692722458027,92216.3104687,0.0,0.0,0.0,0.0,0.0,3296.321094279969,2362.548361503873,3236.693275656048,3291.5176192924996,92216.3104687,0.0,0.0,0.0,0.0,0.0,58894.14028424072,382959.4633435786,16.49111589578279,19355.36052492102,90283.69263336407,7.971538501369352,0.0,104403.39081943239,388060.8950000009
vb_site_h_all_site_A_02.csv,104231.88032050259,97.25051728081941,-399.1125203521078,-380.7179111415451,-469.56594677018654,-854.7319560018993,92216.3104687,0.0,0.0,0.0,0.0,0.0,3130.8120261649724,3149.206635375535,3060.3585997468936,2675.1925905151807,92216.3104687,0.0,0.0,0.0,0.0,0.0,59042.39410778808,382699.41316712595,16.508485542577496,19415.470359460203,90112.18213443429,7.73987587370388,0.0,104231.88032050262,387652.5910000009
vb_site_h_all_site_A_03.csv,104099.67899840254,97.53198468134198,131.02883938873586,-881.7499210341379,-340.6725895729866,-1144.9359851473864,92216.3104687,0.0,0.0,0.0,0.0,0.0,3660.953385905816,2648.1746254829422,3189.2519569440938,2384.988561369694,92216.3104687,0.0,0.0,0.0,0.0,0.0,59184.18460044861,381722.47765978647,16.556265242286575,19274.24974168093,89979.98081233421,7.518312899327924,0.0,104099.67899840257,386533.865000001
vb_site_h_all_site_A_04.csv,105124.62175679706,96.14499169243356,-309.52094167649443,-339.2223479413091,-671.9258742631438,109.28226590967432,92216.3104687,0.0,0.0,0.0,0.0,0.0,3220.4036048405856,3190.702198575771,2857.9986722539365,3639.206812426755,92216.3104687,0.0,0.0,0.0,0.0,0.0,56568.50655189514,384682.958611233,16.320820184046614,19631.974722309504,91004.92357072873,11.605592642649583,0.0,105124.62175679705,392110.0240000008
